month;Region;1;2;3;4;5;6;7;8;9;10;11;12;13;14;15;16;17;18;19;20;21;22;23;24
2008-01-01;US;956;945;946;962;989;1.004;1.009;1.006;1.010;1.007;1.005;975;966;956;956;971;997;1.012;1.018;1.014;1.019;1.015;1.012;983
2008-01-01;OECD;2.517;2.479;2.476;2.484;2.514;2.529;2.549;2.558;2.577;2.586;2.592;2.565;2.548;2.522;2.526;2.540;2.578;2.600;2.619;2.625;2.644;2.644;2.637;2.598
2008-02-01;US;957;956;970;995;1.008;1.014;1.010;1.015;1.012;1.010;982;971;961;961;976;1.003;1.018;1.025;1.020;1.025;1.022;1.020;993;
2008-02-01;OECD;2.482;2.479;2.492;2.529;2.550;2.570;2.580;2.600;2.605;2.604;2.569;2.552;2.527;2.530;2.547;2.590;2.615;2.632;2.638;2.656;2.655;2.646;2.603;
2008-03-01;US;959;971;993;1.004;1.010;1.006;1.011;1.009;1.007;979;968;959;960;975;1.002;1.016;1.023;1.020;1.025;1.024;1.021;993;;
2008-03-01;OECD;2.489;2.496;2.525;2.542;2.562;2.573;2.592;2.600;2.602;2.570;2.554;2.529;2.535;2.551;2.594;2.620;2.638;2.647;2.668;2.664;2.651;2.606;;
2008-04-01;US;974;994;1.004;1.009;1.005;1.009;1.007;1.005;976;966;957;958;973;1.000;1.014;1.020;1.017;1.023;1.021;1.018;990;;;
2008-04-01;OECD;2.590;2.623;2.642;2.653;2.658;2.671;2.665;2.653;2.608;2.582;2.549;2.544;2.553;2.586;2.602;2.618;2.626;2.645;2.642;2.629;2.585;;;
2008-05-01;US;979;990;996;993;998;996;993;966;957;949;950;966;993;1.006;1.014;1.010;1.016;1.016;1.012;985;;;;
2008-05-01;OECD;2.562;2.576;2.590;2.594;2.607;2.606;2.599;2.560;2.539;2.512;2.515;2.529;2.569;2.590;2.612;2.621;2.644;2.644;2.632;2.587;;;;
2008-06-01;US;980;987;986;993;991;989;962;955;945;947;963;990;1.003;1.010;1.006;1.012;1.011;1.009;981;;;;;
2008-06-01;OECD;2.566;2.581;2.589;2.605;2.609;2.609;2.575;2.556;2.526;2.530;2.541;2.577;2.593;2.609;2.614;2.631;2.631;2.621;2.576;;;;;
2008-07-01;US;989;988;994;991;990;965;958;949;950;967;993;1.006;1.012;1.008;1.013;1.012;1.009;982;;;;;;
2008-07-01;OECD;2.583;2.590;2.603;2.605;2.600;2.562;2.544;2.516;2.518;2.529;2.563;2.578;2.591;2.594;2.607;2.610;2.602;2.563;;;;;;
2008-08-01;US;989;993;992;990;966;962;951;952;969;993;1.003;1.008;1.004;1.007;1.006;1.003;978;;;;;;;
2008-08-01;OECD;2.596;2.612;2.617;2.619;2.585;2.575;2.552;2.558;2.571;2.607;2.624;2.642;2.651;2.666;2.672;2.667;2.631;;;;;;;
2008-09-01;US;991;991;991;967;963;952;952;970;994;1.004;1.009;1.004;1.006;1.005;1.003;977;;;;;;;;
2008-09-01;OECD;2.570;2.571;2.569;2.534;2.521;2.498;2.505;2.519;2.556;2.574;2.589;2.596;2.609;2.614;2.610;2.575;;;;;;;;
2008-10-01;US;963;970;951;952;936;941;958;984;993;1.002;999;1.001;1.000;1.001;974;;;;;;;;;
2008-10-01;OECD;2.586;2.582;2.544;2.529;2.497;2.499;2.504;2.533;2.543;2.557;2.562;2.575;2.578;2.574;2.534;;;;;;;;;
2008-11-01;US;1.005;983;981;961;965;980;1.006;1.015;1.024;1.022;1.023;1.022;1.023;995;;;;;;;;;;
2008-11-01;OECD;2.623;2.570;2.551;2.514;2.514;2.516;2.544;2.553;2.565;2.568;2.578;2.582;2.580;2.543;;;;;;;;;;
2008-12-01;US;994;993;974;978;993;1.017;1.026;1.035;1.033;1.033;1.033;1.034;1.006;;;;;;;;;;;
2008-12-01;OECD;2.588;2.568;2.532;2.532;2.537;2.566;2.578;2.589;2.591;2.598;2.602;2.600;2.565;;;;;;;;;;;
2009-01-01;US;1.009;987;989;1.000;1.023;1.034;1.043;1.040;1.040;1.038;1.038;1.012;1.010;990;989;1.000;1.023;1.033;1.042;1.038;1.037;1.036;1.035;1.008
2009-01-01;OECD;2.566;2.523;2.501;2.503;2.532;2.546;2.566;2.576;2.588;2.593;2.588;2.551;2.552;2.533;2.539;2.563;2.612;2.646;2.668;2.680;2.691;2.693;2.682;2.637
2009-02-01;US;1.016;1.016;1.024;1.046;1.055;1.062;1.057;1.056;1.054;1.052;1.026;1.023;1.003;1.003;1.013;1.036;1.046;1.054;1.049;1.047;1.046;1.044;1.018;
2009-02-01;OECD;2.531;2.514;2.520;2.555;2.573;2.586;2.589;2.595;2.592;2.577;2.532;2.525;2.499;2.498;2.516;2.558;2.586;2.603;2.611;2.619;2.619;2.605;2.559;
2009-03-01;US;1.026;1.032;1.051;1.059;1.066;1.061;1.060;1.058;1.056;1.029;1.027;1.008;1.009;1.020;1.043;1.052;1.059;1.054;1.050;1.049;1.047;1.021;;
2009-03-01;OECD;2.565;2.561;2.585;2.596;2.602;2.599;2.599;2.591;2.574;2.525;2.519;2.492;2.488;2.505;2.545;2.570;2.586;2.593;2.604;2.606;2.596;2.554;;
2009-04-01;US;1.052;1.067;1.072;1.077;1.070;1.065;1.064;1.063;1.037;1.034;1.014;1.013;1.023;1.045;1.056;1.063;1.060;1.056;1.055;1.053;1.028;;;
2009-04-01;OECD;2.618;2.637;2.644;2.645;2.638;2.632;2.621;2.600;2.551;2.542;2.512;2.508;2.523;2.562;2.588;2.603;2.611;2.621;2.623;2.613;2.571;;;
2009-05-01;US;1.098;1.098;1.098;1.089;1.081;1.078;1.076;1.050;1.044;1.024;1.023;1.030;1.052;1.062;1.071;1.067;1.064;1.064;1.062;1.037;;;;
2009-05-01;OECD;2.778;2.773;2.770;2.756;2.738;2.719;2.696;2.654;2.651;2.625;2.626;2.640;2.675;2.678;2.685;2.679;2.670;2.666;2.654;2.622;;;;
2009-06-01;US;1.100;1.101;1.092;1.084;1.081;1.078;1.052;1.047;1.024;1.023;1.030;1.052;1.062;1.071;1.069;1.066;1.066;1.065;1.040;;;;;
2009-06-01;OECD;2.765;2.761;2.745;2.726;2.712;2.694;2.657;2.661;2.640;2.646;2.664;2.701;2.707;2.719;2.716;2.709;2.706;2.695;2.662;;;;;
2009-07-01;US;1.098;1.089;1.081;1.077;1.074;1.048;1.043;1.021;1.019;1.027;1.049;1.059;1.068;1.067;1.064;1.063;1.062;1.037;;;;;;
2009-07-01;OECD;2.736;2.717;2.695;2.686;2.671;2.635;2.634;2.607;2.609;2.628;2.669;2.677;2.685;2.681;2.672;2.669;2.658;2.624;;;;;;
2009-08-01;US;1.125;1.123;1.117;1.110;1.082;1.073;1.052;1.043;1.048;1.064;1.074;1.081;1.077;1.073;1.070;1.069;1.047;;;;;;;
2009-08-01;OECD;2.764;2.764;2.764;2.758;2.734;2.734;2.712;2.715;2.732;2.768;2.775;2.780;2.773;2.759;2.751;2.737;2.702;;;;;;;
2009-09-01;US;1.114;1.109;1.103;1.077;1.068;1.047;1.039;1.045;1.060;1.070;1.078;1.074;1.070;1.067;1.067;1.044;;;;;;;;
2009-09-01;OECD;2.721;2.724;2.721;2.698;2.701;2.681;2.686;2.706;2.738;2.742;2.750;2.746;2.737;2.731;2.721;2.689;;;;;;;;
2009-10-01;US;1.114;1.108;1.083;1.074;1.052;1.047;1.056;1.073;1.082;1.089;1.088;1.086;1.086;1.085;1.062;;;;;;;;;
2009-10-01;OECD;2.757;2.753;2.732;2.732;2.709;2.714;2.736;2.770;2.773;2.786;2.788;2.787;2.788;2.784;2.761;;;;;;;;;
2009-11-01;US;1.098;1.075;1.066;1.046;1.043;1.052;1.069;1.078;1.085;1.083;1.080;1.080;1.078;1.056;;;;;;;;;;
2009-11-01;OECD;2.744;2.727;2.726;2.704;2.706;2.720;2.750;2.751;2.760;2.760;2.755;2.754;2.748;2.728;;;;;;;;;;
2009-12-01;US;1.073;1.065;1.046;1.044;1.055;1.072;1.080;1.087;1.085;1.082;1.082;1.080;1.058;;;;;;;;;;;
2009-12-01;OECD;2.721;2.725;2.706;2.714;2.730;2.761;2.762;2.772;2.774;2.770;2.772;2.770;2.753;;;;;;;;;;;
2010-01-01;US;1.052;1.040;1.038;1.051;1.068;1.076;1.081;1.080;1.078;1.071;1.068;1.045;1.042;1.024;1.019;1.033;1.051;1.061;1.068;1.067;1.068;1.062;1.060;1.039
2010-01-01;OECD;2.688;2.675;2.685;2.705;2.739;2.741;2.752;2.758;2.761;2.763;2.762;2.748;2.752;2.732;2.737;2.757;2.791;2.795;2.799;2.794;2.787;2.783;2.774;2.750
2010-02-01;US;1.028;1.026;1.041;1.062;1.070;1.076;1.075;1.077;1.071;1.067;1.042;1.041;1.024;1.017;1.032;1.050;1.059;1.067;1.066;1.068;1.062;1.060;1.037;
2010-02-01;OECD;2.675;2.685;2.701;2.737;2.738;2.746;2.749;2.749;2.748;2.743;2.723;2.723;2.698;2.696;2.711;2.743;2.744;2.743;2.736;2.724;2.716;2.703;2.675;
2010-03-01;US;1.042;1.056;1.074;1.082;1.087;1.086;1.086;1.081;1.076;1.051;1.050;1.033;1.026;1.040;1.059;1.067;1.074;1.073;1.074;1.069;1.066;1.043;;
2010-03-01;OECD;2.683;2.700;2.736;2.738;2.743;2.741;2.739;2.735;2.727;2.705;2.701;2.674;2.668;2.680;2.709;2.705;2.706;2.699;2.690;2.683;2.673;2.646;;
2010-04-01;US;1.056;1.074;1.082;1.088;1.085;1.087;1.081;1.076;1.052;1.051;1.034;1.028;1.042;1.060;1.069;1.076;1.075;1.076;1.070;1.067;1.045;;;
2010-04-01;OECD;2.687;2.723;2.724;2.729;2.727;2.726;2.721;2.713;2.689;2.686;2.659;2.652;2.669;2.703;2.704;2.706;2.701;2.695;2.687;2.676;2.649;;;
2010-05-01;US;1.101;1.106;1.108;1.104;1.104;1.096;1.091;1.065;1.064;1.047;1.039;1.052;1.070;1.079;1.086;1.085;1.085;1.080;1.076;1.053;;;;
2010-05-01;OECD;2.758;2.756;2.759;2.755;2.753;2.745;2.736;2.709;2.706;2.680;2.673;2.689;2.723;2.723;2.725;2.718;2.711;2.702;2.691;2.662;;;;
2010-06-01;US;1.107;1.112;1.108;1.109;1.101;1.095;1.069;1.067;1.050;1.042;1.056;1.074;1.082;1.089;1.088;1.088;1.082;1.079;1.056;;;;;
2010-06-01;OECD;2.755;2.758;2.751;2.744;2.730;2.717;2.688;2.682;2.653;2.643;2.657;2.686;2.684;2.682;2.673;2.664;2.653;2.639;2.609;;;;;
2010-07-01;US;1.114;1.110;1.111;1.103;1.097;1.072;1.071;1.053;1.046;1.059;1.076;1.084;1.091;1.089;1.089;1.083;1.080;1.058;;;;;;
2010-07-01;OECD;2.740;2.731;2.725;2.718;2.711;2.687;2.685;2.659;2.654;2.668;2.698;2.695;2.699;2.694;2.689;2.682;2.673;2.646;;;;;;
2010-08-01;US;1.123;1.123;1.112;1.106;1.079;1.077;1.058;1.053;1.067;1.083;1.090;1.097;1.095;1.097;1.092;1.088;1.065;;;;;;;
2010-08-01;OECD;2.760;2.754;2.746;2.739;2.715;2.711;2.684;2.678;2.691;2.718;2.713;2.718;2.713;2.707;2.699;2.689;2.661;;;;;;;
2010-09-01;US;1.147;1.133;1.124;1.092;1.091;1.075;1.068;1.079;1.097;1.103;1.110;1.106;1.108;1.101;1.097;1.071;;;;;;;;
2010-09-01;OECD;2.761;2.749;2.738;2.710;2.708;2.683;2.676;2.686;2.713;2.708;2.711;2.704;2.697;2.688;2.676;2.648;;;;;;;;
2010-10-01;US;1.132;1.124;1.093;1.093;1.077;1.070;1.082;1.099;1.105;1.111;1.107;1.109;1.102;1.097;1.070;;;;;;;;;
2010-10-01;OECD;2.779;2.770;2.746;2.747;2.724;2.719;2.730;2.758;2.755;2.759;2.751;2.746;2.738;2.728;2.700;;;;;;;;;
2010-11-01;US;1.116;1.087;1.087;1.072;1.066;1.077;1.093;1.099;1.107;1.103;1.105;1.098;1.093;1.065;;;;;;;;;;
2010-11-01;OECD;2.756;2.731;2.731;2.707;2.700;2.711;2.738;2.733;2.733;2.719;2.706;2.694;2.679;2.646;;;;;;;;;;
2010-12-01;US;1.071;1.073;1.059;1.054;1.066;1.083;1.090;1.098;1.094;1.097;1.091;1.086;1.058;;;;;;;;;;;
2010-12-01;OECD;2.727;2.726;2.702;2.694;2.704;2.730;2.723;2.721;2.706;2.693;2.680;2.664;2.631;;;;;;;;;;;
2011-01-01;US;1.067;1.050;1.046;1.058;1.074;1.084;1.095;1.093;1.095;1.088;1.081;1.056;1.061;1.048;1.046;1.059;1.077;1.088;1.099;1.096;1.098;1.091;1.086;1.061
2011-01-01;OECD;2.717;2.694;2.690;2.701;2.728;2.726;2.727;2.717;2.708;2.701;2.692;2.667;2.670;2.648;2.643;2.651;2.676;2.669;2.674;2.664;2.654;2.648;2.640;2.617
2011-02-01;US;1.062;1.056;1.067;1.082;1.092;1.102;1.099;1.102;1.094;1.087;1.062;1.067;1.054;1.052;1.065;1.083;1.095;1.106;1.102;1.105;1.098;1.093;1.068;
2011-02-01;OECD;2.693;2.688;2.699;2.727;2.727;2.725;2.709;2.695;2.684;2.671;2.642;2.642;2.616;2.607;2.613;2.636;2.628;2.634;2.624;2.615;2.609;2.602;2.580;
2011-03-01;US;1.058;1.071;1.086;1.097;1.107;1.104;1.106;1.097;1.089;1.064;1.067;1.054;1.051;1.063;1.081;1.093;1.105;1.102;1.104;1.097;1.091;1.067;;
2011-03-01;OECD;2.694;2.697;2.717;2.708;2.700;2.678;2.659;2.642;2.624;2.591;2.585;2.555;2.542;2.549;2.575;2.571;2.582;2.575;2.571;2.570;2.568;2.553;;
2011-04-01;US;1.060;1.072;1.080;1.087;1.084;1.086;1.076;1.064;1.035;1.041;1.029;1.027;1.038;1.053;1.063;1.073;1.072;1.075;1.065;1.055;1.027;;;
2011-04-01;OECD;2.656;2.680;2.675;2.671;2.656;2.641;2.627;2.610;2.577;2.581;2.557;2.552;2.557;2.579;2.570;2.574;2.565;2.555;2.553;2.551;2.534;;;
2011-05-01;US;1.064;1.073;1.081;1.079;1.083;1.073;1.061;1.032;1.039;1.028;1.025;1.036;1.051;1.060;1.071;1.069;1.072;1.062;1.051;1.023;;;;
2011-05-01;OECD;2.729;2.728;2.724;2.710;2.696;2.684;2.668;2.636;2.640;2.618;2.613;2.620;2.643;2.635;2.639;2.627;2.617;2.612;2.604;2.582;;;;
2011-06-01;US;1.075;1.082;1.080;1.084;1.074;1.062;1.033;1.039;1.028;1.026;1.037;1.051;1.062;1.072;1.071;1.073;1.062;1.052;1.024;;;;;
2011-06-01;OECD;2.656;2.644;2.621;2.597;2.580;2.563;2.529;2.528;2.501;2.492;2.495;2.516;2.504;2.503;2.487;2.470;2.460;2.447;2.420;;;;;
2011-07-01;US;1.080;1.098;1.113;1.102;1.089;1.058;1.063;1.052;1.047;1.057;1.072;1.081;1.087;1.085;1.089;1.077;1.068;1.038;;;;;;
2011-07-01;OECD;2.655;2.657;2.647;2.628;2.611;2.578;2.581;2.558;2.552;2.561;2.586;2.580;2.580;2.569;2.558;2.551;2.542;2.516;;;;;;
2011-08-01;US;1.108;1.122;1.109;1.095;1.063;1.067;1.057;1.053;1.063;1.079;1.088;1.093;1.091;1.095;1.083;1.073;1.043;;;;;;;
2011-08-01;OECD;2.704;2.693;2.667;2.644;2.603;2.606;2.584;2.578;2.588;2.616;2.612;2.613;2.602;2.591;2.579;2.564;2.532;;;;;;;
2011-09-01;US;1.116;1.106;1.093;1.062;1.067;1.057;1.053;1.064;1.079;1.088;1.095;1.092;1.096;1.085;1.076;1.046;;;;;;;;
2011-09-01;OECD;2.685;2.663;2.641;2.603;2.607;2.584;2.579;2.590;2.619;2.615;2.618;2.608;2.598;2.587;2.574;2.551;;;;;;;;
2011-10-01;US;1.076;1.066;1.039;1.047;1.037;1.036;1.048;1.065;1.074;1.081;1.081;1.087;1.076;1.067;1.039;;;;;;;;;
2011-10-01;OECD;2.659;2.645;2.617;2.630;2.617;2.616;2.628;2.649;2.651;2.648;2.639;2.626;2.606;2.590;2.559;;;;;;;;;
2011-11-01;US;1.055;1.028;1.037;1.029;1.028;1.041;1.058;1.068;1.075;1.074;1.082;1.071;1.063;1.034;;;;;;;;;;
2011-11-01;OECD;2.660;2.632;2.643;2.633;2.633;2.647;2.671;2.675;2.675;2.669;2.660;2.642;2.627;2.597;;;;;;;;;;
2011-12-01;US;1.018;1.028;1.020;1.020;1.032;1.051;1.063;1.070;1.072;1.078;1.068;1.059;1.032;;;;;;;;;;;
2011-12-01;OECD;2.625;2.636;2.626;2.629;2.647;2.676;2.686;2.688;2.687;2.680;2.664;2.649;2.620;;;;;;;;;;;
2012-01-01;US;1.048;1.036;1.034;1.042;1.060;1.070;1.079;1.079;1.086;1.075;1.068;1.043;1.052;1.038;1.035;1.044;1.064;1.074;1.083;1.084;1.090;1.080;1.072;1.044
2012-01-01;OECD;2.651;2.644;2.646;2.654;2.676;2.676;2.676;2.668;2.657;2.639;2.623;2.592;2.598;2.581;2.576;2.582;2.606;2.603;2.604;2.597;2.589;2.585;2.581;2.565
2012-02-01;US;1.046;1.042;1.050;1.068;1.077;1.086;1.085;1.092;1.081;1.074;1.049;1.058;1.044;1.041;1.050;1.070;1.080;1.089;1.090;1.095;1.085;1.077;1.050;
2012-02-01;OECD;2.664;2.666;2.672;2.692;2.692;2.692;2.685;2.675;2.659;2.645;2.617;2.631;2.613;2.609;2.614;2.638;2.635;2.635;2.628;2.618;2.613;2.607;2.591;
2012-03-01;US;1.058;1.064;1.081;1.089;1.096;1.094;1.100;1.089;1.081;1.055;1.064;1.050;1.047;1.056;1.077;1.087;1.096;1.096;1.101;1.091;1.082;1.055;;
2012-03-01;OECD;2.667;2.672;2.687;2.679;2.674;2.663;2.649;2.635;2.626;2.607;2.621;2.603;2.597;2.601;2.626;2.625;2.624;2.618;2.608;2.599;2.592;2.574;;
2012-04-01;US;1.090;1.105;1.111;1.116;1.112;1.115;1.101;1.092;1.063;1.072;1.058;1.055;1.064;1.085;1.095;1.103;1.103;1.108;1.098;1.088;1.061;;;
2012-04-01;OECD;2.669;2.694;2.691;2.687;2.676;2.662;2.648;2.638;2.618;2.633;2.614;2.608;2.611;2.633;2.631;2.627;2.620;2.607;2.596;2.586;2.566;;;
2012-05-01;US;1.091;1.102;1.112;1.111;1.115;1.102;1.093;1.064;1.072;1.059;1.056;1.065;1.084;1.094;1.102;1.102;1.106;1.096;1.087;1.060;;;;
2012-05-01;OECD;2.685;2.692;2.695;2.689;2.680;2.670;2.662;2.643;2.657;2.638;2.634;2.644;2.673;2.679;2.679;2.675;2.665;2.660;2.657;2.642;;;;
2012-06-01;US;1.105;1.117;1.116;1.121;1.107;1.098;1.069;1.077;1.063;1.060;1.069;1.089;1.098;1.105;1.104;1.109;1.099;1.090;1.063;;;;;
2012-06-01;OECD;2.698;2.701;2.694;2.683;2.675;2.669;2.651;2.665;2.647;2.642;2.651;2.681;2.687;2.687;2.682;2.673;2.670;2.667;2.654;;;;;
2012-07-01;US;1.109;1.110;1.116;1.104;1.096;1.067;1.076;1.063;1.061;1.069;1.090;1.100;1.108;1.106;1.112;1.102;1.092;1.066;;;;;;
2012-07-01;OECD;2.671;2.666;2.657;2.651;2.647;2.629;2.647;2.633;2.634;2.641;2.670;2.676;2.677;2.672;2.664;2.660;2.656;2.643;;;;;;
2012-08-01;US;1.112;1.118;1.106;1.098;1.069;1.079;1.065;1.062;1.070;1.091;1.100;1.109;1.107;1.112;1.103;1.094;1.068;;;;;;;
2012-08-01;OECD;2.659;2.646;2.639;2.634;2.615;2.631;2.614;2.610;2.621;2.658;2.677;2.690;2.697;2.702;2.706;2.709;2.699;;;;;;;
2012-09-01;US;1.101;1.088;1.082;1.056;1.071;1.061;1.060;1.069;1.089;1.099;1.109;1.108;1.110;1.098;1.089;1.064;;;;;;;;
2012-09-01;OECD;2.605;2.603;2.604;2.592;2.611;2.595;2.593;2.605;2.639;2.650;2.659;2.661;2.660;2.664;2.666;2.654;;;;;;;;
2012-10-01;US;1.089;1.084;1.059;1.074;1.064;1.064;1.072;1.092;1.102;1.112;1.111;1.113;1.100;1.091;1.066;;;;;;;;;
2012-10-01;OECD;2.639;2.644;2.635;2.658;2.645;2.647;2.660;2.696;2.708;2.719;2.723;2.724;2.727;2.731;2.720;;;;;;;;;
2012-11-01;US;1.091;1.066;1.081;1.069;1.069;1.078;1.096;1.106;1.116;1.114;1.117;1.105;1.096;1.070;;;;;;;;;;
2012-11-01;OECD;2.665;2.652;2.671;2.655;2.656;2.661;2.686;2.692;2.697;2.693;2.688;2.687;2.686;2.672;;;;;;;;;;
2012-12-01;US;1.070;1.083;1.069;1.068;1.078;1.096;1.106;1.117;1.114;1.117;1.107;1.098;1.072;;;;;;;;;;;
2012-12-01;OECD;2.681;2.698;2.680;2.678;2.683;2.707;2.711;2.715;2.709;2.706;2.702;2.696;2.675;;;;;;;;;;;
2013-01-01;US;1.107;1.095;1.094;1.103;1.120;1.128;1.137;1.133;1.136;1.127;1.116;1.091;1.106;1.095;1.093;1.101;1.116;1.124;1.132;1.128;1.131;1.123;1.113;1.090
2013-01-01;OECD;2.682;2.665;2.662;2.665;2.687;2.690;2.691;2.684;2.682;2.680;2.673;2.657;2.673;2.662;2.666;2.674;2.698;2.706;2.711;2.711;2.711;2.707;2.702;2.689
2013-02-01;US;1.096;1.095;1.103;1.120;1.128;1.136;1.133;1.136;1.126;1.116;1.092;1.107;1.095;1.093;1.100;1.115;1.123;1.131;1.128;1.131;1.122;1.113;1.090;
2013-02-01;OECD;2.638;2.628;2.636;2.662;2.668;2.670;2.663;2.659;2.655;2.648;2.634;2.650;2.638;2.643;2.651;2.675;2.684;2.691;2.692;2.694;2.694;2.693;2.688;
2013-03-01;US;1.090;1.097;1.112;1.122;1.132;1.130;1.133;1.124;1.115;1.091;1.105;1.094;1.093;1.098;1.111;1.120;1.129;1.127;1.130;1.122;1.113;1.090;;
2013-03-01;OECD;2.630;2.632;2.654;2.661;2.665;2.658;2.655;2.651;2.645;2.632;2.644;2.631;2.633;2.637;2.657;2.663;2.668;2.668;2.667;2.667;2.667;2.662;;
2013-04-01;US;1.088;1.103;1.112;1.123;1.121;1.122;1.115;1.108;1.087;1.101;1.091;1.090;1.096;1.109;1.117;1.127;1.123;1.126;1.117;1.108;1.087;;;
2013-04-01;OECD;2.581;2.602;2.611;2.616;2.610;2.607;2.607;2.605;2.598;2.615;2.607;2.613;2.621;2.644;2.654;2.661;2.661;2.662;2.663;2.664;2.661;;;
2013-05-01;US;1.114;1.122;1.132;1.129;1.130;1.123;1.116;1.094;1.109;1.099;1.098;1.105;1.118;1.126;1.136;1.132;1.134;1.125;1.117;1.095;;;;
2013-05-01;OECD;2.660;2.668;2.675;2.671;2.667;2.664;2.659;2.648;2.666;2.657;2.662;2.672;2.696;2.706;2.716;2.718;2.720;2.716;2.713;2.705;;;;
2013-06-01;US;1.126;1.133;1.130;1.135;1.130;1.127;1.102;1.117;1.109;1.107;1.116;1.132;1.143;1.150;1.147;1.154;1.146;1.141;1.116;;;;;
2013-06-01;OECD;2.662;2.671;2.671;2.669;2.663;2.658;2.642;2.656;2.645;2.648;2.657;2.680;2.690;2.695;2.695;2.698;2.692;2.688;2.675;;;;;
2013-07-01;US;1.133;1.130;1.134;1.128;1.124;1.099;1.114;1.106;1.104;1.113;1.129;1.140;1.148;1.144;1.151;1.143;1.138;1.113;;;;;;
2013-07-01;OECD;2.683;2.681;2.680;2.675;2.670;2.655;2.669;2.658;2.658;2.666;2.690;2.699;2.704;2.703;2.706;2.700;2.695;2.680;;;;;;
2013-08-01;US;1.118;1.123;1.118;1.115;1.091;1.106;1.099;1.101;1.111;1.126;1.138;1.145;1.142;1.148;1.140;1.135;1.109;;;;;;;
2013-08-01;OECD;2.661;2.661;2.655;2.650;2.635;2.651;2.643;2.650;2.662;2.687;2.699;2.706;2.708;2.714;2.708;2.703;2.688;;;;;;;
2013-09-01;US;1.125;1.117;1.114;1.090;1.105;1.099;1.100;1.111;1.125;1.137;1.145;1.142;1.148;1.137;1.133;1.108;;;;;;;;
2013-09-01;OECD;2.688;2.681;2.678;2.663;2.676;2.664;2.665;2.675;2.698;2.708;2.714;2.715;2.720;2.713;2.707;2.690;;;;;;;;
2013-10-01;US;1.114;1.108;1.085;1.099;1.090;1.092;1.101;1.115;1.127;1.134;1.133;1.138;1.128;1.121;1.097;;;;;;;;;
2013-10-01;OECD;2.620;2.610;2.585;2.592;2.575;2.576;2.582;2.603;2.609;2.610;2.609;2.610;2.600;2.592;2.574;;;;;;;;;
2013-11-01;US;1.112;1.087;1.102;1.092;1.096;1.105;1.117;1.124;1.131;1.130;1.135;1.128;1.121;1.097;;;;;;;;;;
2013-11-01;OECD;2.606;2.587;2.600;2.585;2.588;2.596;2.619;2.625;2.630;2.633;2.637;2.635;2.629;2.614;;;;;;;;;;
2013-12-01;US;1.075;1.092;1.085;1.091;1.101;1.115;1.123;1.131;1.131;1.135;1.128;1.124;1.098;;;;;;;;;;;
2013-12-01;OECD;2.605;2.620;2.607;2.613;2.622;2.641;2.645;2.645;2.643;2.640;2.630;2.617;2.591;;;;;;;;;;;
2014-01-01;US;1.073;1.068;1.075;1.087;1.102;1.111;1.121;1.120;1.126;1.117;1.112;1.088;1.103;1.094;1.097;1.107;1.121;1.129;1.137;1.136;1.141;1.130;1.123;1.098
2014-01-01;OECD;2.568;2.551;2.552;2.558;2.577;2.579;2.583;2.585;2.587;2.585;2.585;2.574;2.582;2.567;2.568;2.577;2.597;2.602;2.607;2.609;2.612;2.613;2.614;2.605
2014-02-01;US;1.035;1.047;1.062;1.081;1.093;1.106;1.107;1.116;1.109;1.105;1.083;1.098;1.089;1.092;1.102;1.116;1.124;1.132;1.131;1.136;1.127;1.121;1.097;
2014-02-01;OECD;2.577;2.584;2.599;2.625;2.634;2.644;2.652;2.660;2.651;2.645;2.627;2.637;2.623;2.626;2.635;2.656;2.660;2.665;2.668;2.671;2.665;2.659;2.643;
2014-03-01;US;1.051;1.064;1.082;1.093;1.104;1.106;1.115;1.107;1.103;1.081;1.097;1.088;1.092;1.102;1.117;1.125;1.132;1.131;1.137;1.126;1.120;1.096;;
2014-03-01;OECD;2.574;2.586;2.611;2.620;2.629;2.635;2.642;2.634;2.628;2.610;2.621;2.611;2.615;2.624;2.645;2.647;2.651;2.652;2.653;2.646;2.640;2.624;;
2014-04-01;US;1.059;1.079;1.091;1.102;1.105;1.114;1.106;1.102;1.080;1.096;1.088;1.091;1.100;1.115;1.123;1.130;1.130;1.135;1.124;1.118;1.095;;;
2014-04-01;OECD;2.575;2.602;2.612;2.621;2.628;2.636;2.630;2.626;2.612;2.624;2.614;2.616;2.625;2.647;2.653;2.658;2.661;2.664;2.657;2.652;2.637;;;
2014-05-01;US;1.098;1.108;1.117;1.118;1.127;1.117;1.109;1.086;1.101;1.092;1.096;1.105;1.120;1.128;1.136;1.135;1.142;1.130;1.122;1.097;;;;
2014-05-01;OECD;2.609;2.614;2.619;2.623;2.627;2.619;2.613;2.597;2.605;2.591;2.590;2.598;2.621;2.625;2.630;2.634;2.638;2.629;2.623;2.608;;;;
2014-06-01;US;1.110;1.119;1.120;1.128;1.118;1.109;1.085;1.099;1.089;1.092;1.101;1.116;1.124;1.132;1.132;1.139;1.128;1.120;1.095;;;;;
2014-06-01;OECD;2.580;2.585;2.587;2.592;2.584;2.578;2.563;2.570;2.554;2.556;2.562;2.585;2.588;2.594;2.599;2.604;2.597;2.591;2.577;;;;;
2014-07-01;US;1.128;1.128;1.135;1.124;1.115;1.090;1.104;1.094;1.098;1.108;1.123;1.131;1.139;1.138;1.144;1.132;1.124;1.099;;;;;;
2014-07-01;OECD;2.622;2.627;2.629;2.620;2.615;2.598;2.608;2.595;2.596;2.602;2.621;2.621;2.624;2.625;2.625;2.612;2.603;2.584;;;;;;
2014-08-01;US;1.121;1.126;1.115;1.108;1.087;1.100;1.088;1.094;1.102;1.116;1.126;1.136;1.135;1.140;1.127;1.121;1.100;;;;;;;
2014-08-01;OECD;2.604;2.604;2.596;2.590;2.575;2.584;2.569;2.572;2.580;2.600;2.603;2.613;2.617;2.619;2.607;2.600;2.584;;;;;;;
2014-09-01;US;1.130;1.119;1.110;1.086;1.099;1.087;1.092;1.101;1.115;1.123;1.133;1.133;1.139;1.125;1.118;1.096;;;;;;;;
2014-09-01;OECD;2.611;2.603;2.598;2.580;2.592;2.580;2.585;2.594;2.615;2.622;2.628;2.632;2.633;2.622;2.618;2.604;;;;;;;;
2014-10-01;US;1.124;1.117;1.093;1.106;1.094;1.099;1.109;1.122;1.130;1.140;1.140;1.145;1.131;1.124;1.102;;;;;;;;;
2014-10-01;OECD;2.647;2.641;2.622;2.632;2.619;2.623;2.629;2.648;2.653;2.658;2.660;2.659;2.646;2.639;2.623;;;;;;;;;
2014-11-01;US;1.125;1.101;1.112;1.104;1.110;1.121;1.135;1.142;1.152;1.153;1.158;1.145;1.136;1.111;;;;;;;;;;
2014-11-01;OECD;2.661;2.646;2.657;2.651;2.661;2.674;2.699;2.708;2.719;2.730;2.734;2.727;2.722;2.707;;;;;;;;;;
2014-12-01;US;1.101;1.110;1.102;1.106;1.117;1.136;1.142;1.150;1.150;1.155;1.142;1.135;1.110;;;;;;;;;;;
2014-12-01;OECD;2.642;2.655;2.653;2.667;2.682;2.710;2.718;2.725;2.734;2.735;2.726;2.721;2.705;;;;;;;;;;;
2015-01-01;US;1.137;1.125;1.126;1.135;1.152;1.156;1.162;1.161;1.166;1.153;1.145;1.121;1.129;1.117;1.121;1.133;1.152;1.157;1.163;1.163;1.169;1.156;1.150;1.127
2015-01-01;OECD;2.719;2.713;2.726;2.741;2.770;2.779;2.788;2.796;2.802;2.796;2.792;2.775;2.779;2.762;2.761;2.767;2.789;2.790;2.793;2.798;2.801;2.800;2.801;2.791
2015-02-01;US;1.165;1.164;1.174;1.191;1.193;1.200;1.199;1.201;1.188;1.182;1.162;1.169;1.155;1.154;1.166;1.184;1.187;1.195;1.193;1.198;1.185;1.176;1.154;
2015-02-01;OECD;2.760;2.768;2.784;2.815;2.823;2.833;2.841;2.843;2.839;2.837;2.827;2.832;2.814;2.811;2.819;2.840;2.841;2.845;2.847;2.848;2.845;2.842;2.832;
2015-03-01;US;1.196;1.213;1.233;1.240;1.247;1.246;1.247;1.232;1.224;1.198;1.203;1.188;1.186;1.198;1.213;1.215;1.218;1.217;1.219;1.205;1.196;1.172;;
2015-03-01;OECD;2.812;2.836;2.873;2.889;2.903;2.913;2.917;2.912;2.913;2.902;2.910;2.895;2.892;2.901;2.921;2.923;2.926;2.930;2.929;2.925;2.924;2.915;;
2015-04-01;US;1.224;1.243;1.249;1.254;1.252;1.252;1.235;1.226;1.201;1.204;1.189;1.186;1.197;1.213;1.214;1.218;1.217;1.218;1.203;1.193;1.168;;;
2015-04-01;OECD;2.826;2.863;2.879;2.891;2.900;2.902;2.895;2.893;2.880;2.885;2.869;2.866;2.872;2.892;2.891;2.892;2.894;2.890;2.882;2.878;2.867;;;
2015-05-01;US;1.260;1.265;1.271;1.267;1.265;1.247;1.235;1.206;1.209;1.193;1.190;1.201;1.216;1.217;1.219;1.219;1.220;1.206;1.196;1.172;;;;
2015-05-01;OECD;2.879;2.895;2.911;2.920;2.925;2.923;2.926;2.914;2.920;2.906;2.906;2.914;2.934;2.934;2.937;2.940;2.938;2.934;2.934;2.925;;;;
2015-06-01;US;1.262;1.270;1.266;1.265;1.249;1.239;1.213;1.218;1.203;1.202;1.212;1.225;1.224;1.226;1.223;1.225;1.210;1.200;1.177;;;;;
2015-06-01;OECD;2.926;2.952;2.971;2.985;2.994;3.005;3.002;3.019;3.014;3.023;3.038;3.064;3.070;3.078;3.085;3.088;3.088;3.092;3.089;;;;;
2015-07-01;US;1.271;1.269;1.271;1.256;1.242;1.214;1.219;1.204;1.201;1.209;1.223;1.221;1.222;1.218;1.218;1.203;1.191;1.164;;;;;;
2015-07-01;OECD;2.905;2.925;2.939;2.947;2.955;2.950;2.964;2.956;2.961;2.973;2.997;3.000;3.006;3.011;3.011;3.009;3.009;3.001;;;;;;
2015-08-01;US;1.277;1.280;1.264;1.256;1.230;1.235;1.219;1.217;1.225;1.240;1.238;1.241;1.238;1.243;1.227;1.218;1.193;;;;;;;
2015-08-01;OECD;2.949;2.967;2.976;2.988;2.986;3.000;2.991;2.997;3.010;3.036;3.040;3.049;3.057;3.064;3.069;3.079;3.083;;;;;;;
2015-09-01;US;1.295;1.277;1.269;1.242;1.250;1.236;1.236;1.246;1.261;1.258;1.261;1.260;1.264;1.246;1.237;1.211;;;;;;;;
2015-09-01;OECD;2.973;2.980;2.992;2.989;3.006;3.000;3.009;3.026;3.055;3.060;3.071;3.082;3.091;3.097;3.110;3.114;;;;;;;;
2015-10-01;US;1.277;1.267;1.240;1.248;1.236;1.236;1.246;1.261;1.260;1.263;1.262;1.266;1.249;1.242;1.218;;;;;;;;;
2015-10-01;OECD;2.948;2.956;2.948;2.963;2.955;2.961;2.974;3.000;3.004;3.013;3.024;3.031;3.033;3.040;3.037;;;;;;;;;
2015-11-01;US;1.291;1.265;1.272;1.258;1.257;1.267;1.280;1.279;1.282;1.280;1.285;1.268;1.257;1.233;;;;;;;;;;
2015-11-01;OECD;2.958;2.952;2.965;2.955;2.958;2.967;2.988;2.988;2.994;3.000;3.002;2.998;2.995;2.984;;;;;;;;;;
2015-12-01;US;1.282;1.289;1.274;1.273;1.281;1.294;1.292;1.295;1.292;1.296;1.277;1.266;1.241;;;;;;;;;;;
2015-12-01;OECD;2.975;2.991;2.981;2.984;2.994;3.017;3.019;3.026;3.035;3.038;3.036;3.034;3.025;;;;;;;;;;;
2016-01-01;US;1.317;1.299;1.297;1.310;1.326;1.326;1.327;1.323;1.327;1.308;1.297;1.276;1.285;1.270;1.271;1.284;1.300;1.306;1.310;1.309;1.313;1.295;1.283;1.258
2016-01-01;OECD;3.079;3.072;3.080;3.095;3.125;3.132;3.139;3.147;3.149;3.146;3.143;3.132;3.144;3.129;3.132;3.141;3.163;3.166;3.168;3.170;3.167;3.157;3.148;3.131
2016-02-01;US;1.318;1.309;1.318;1.332;1.330;1.329;1.324;1.325;1.306;1.294;1.274;1.279;1.265;1.266;1.277;1.292;1.296;1.300;1.297;1.302;1.285;1.272;1.250;
2016-02-01;OECD;3.059;3.067;3.086;3.118;3.127;3.136;3.145;3.148;3.146;3.144;3.137;3.150;3.139;3.146;3.157;3.182;3.190;3.193;3.196;3.193;3.184;3.175;3.159;
2016-03-01;US;1.336;1.343;1.352;1.351;1.349;1.344;1.346;1.329;1.318;1.297;1.302;1.288;1.289;1.299;1.314;1.317;1.319;1.316;1.320;1.302;1.290;1.266;;
2016-03-01;OECD;3.118;3.142;3.178;3.197;3.210;3.223;3.231;3.235;3.239;3.239;3.261;3.259;3.271;3.287;3.314;3.324;3.328;3.332;3.331;3.324;3.317;3.302;;
2016-04-01;US;1.362;1.368;1.365;1.361;1.354;1.355;1.338;1.326;1.305;1.309;1.296;1.295;1.305;1.320;1.322;1.325;1.320;1.324;1.305;1.293;1.268;;;
2016-04-01;OECD;3.147;3.180;3.196;3.206;3.216;3.222;3.224;3.224;3.222;3.239;3.232;3.239;3.253;3.277;3.285;3.286;3.287;3.284;3.275;3.266;3.253;;;
2016-05-01;US;1.373;1.370;1.363;1.357;1.356;1.336;1.325;1.302;1.305;1.290;1.289;1.299;1.312;1.315;1.317;1.313;1.315;1.297;1.284;1.259;;;;
2016-05-01;OECD;3.089;3.098;3.103;3.111;3.114;3.113;3.112;3.106;3.119;3.107;3.111;3.120;3.142;3.147;3.147;3.146;3.140;3.130;3.120;3.106;;;;
2016-06-01;US;1.365;1.359;1.353;1.353;1.334;1.324;1.300;1.303;1.286;1.285;1.296;1.309;1.313;1.316;1.313;1.317;1.300;1.288;1.262;;;;;
2016-06-01;OECD;3.084;3.090;3.100;3.104;3.104;3.105;3.099;3.113;3.100;3.104;3.115;3.137;3.144;3.145;3.146;3.142;3.134;3.126;3.111;;;;;
2016-07-01;US;1.364;1.359;1.358;1.338;1.329;1.306;1.306;1.290;1.289;1.298;1.312;1.315;1.317;1.317;1.320;1.302;1.292;1.267;;;;;;
2016-07-01;OECD;3.096;3.103;3.104;3.100;3.099;3.090;3.100;3.085;3.086;3.094;3.115;3.117;3.114;3.113;3.105;3.094;3.084;3.067;;;;;;
2016-08-01;US;1.381;1.381;1.362;1.354;1.329;1.328;1.310;1.307;1.314;1.326;1.328;1.328;1.327;1.330;1.312;1.304;1.279;;;;;;;
2016-08-01;OECD;3.093;3.093;3.089;3.088;3.078;3.085;3.069;3.067;3.073;3.092;3.089;3.082;3.079;3.069;3.056;3.046;3.025;;;;;;;
2016-09-01;US;1.403;1.383;1.375;1.351;1.349;1.329;1.329;1.338;1.349;1.352;1.352;1.352;1.355;1.338;1.329;1.304;;;;;;;;
2016-09-01;OECD;3.099;3.095;3.096;3.090;3.101;3.086;3.090;3.101;3.119;3.118;3.112;3.110;3.101;3.089;3.080;3.062;;;;;;;;
2016-10-01;US;1.332;1.325;1.301;1.300;1.284;1.283;1.295;1.310;1.315;1.316;1.318;1.323;1.304;1.296;1.272;;;;;;;;;
2016-10-01;OECD;3.054;3.056;3.049;3.062;3.050;3.054;3.069;3.093;3.100;3.101;3.105;3.100;3.093;3.087;3.073;;;;;;;;;
2016-11-01;US;1.327;1.298;1.296;1.277;1.276;1.286;1.301;1.304;1.305;1.303;1.307;1.286;1.274;1.248;;;;;;;;;;
2016-11-01;OECD;3.056;3.054;3.069;3.059;3.064;3.079;3.105;3.111;3.113;3.116;3.112;3.107;3.100;3.088;;;;;;;;;;
2016-12-01;US;1.311;1.308;1.285;1.283;1.291;1.304;1.309;1.310;1.309;1.312;1.291;1.279;1.255;;;;;;;;;;;
2016-12-01;OECD;3.057;3.070;3.054;3.059;3.072;3.098;3.105;3.108;3.110;3.106;3.096;3.089;3.077;;;;;;;;;;;
2017-01-01;US;1.321;1.301;1.303;1.315;1.329;1.331;1.329;1.327;1.329;1.315;1.306;1.281;1.287;1.276;1.282;1.297;1.312;1.316;1.316;1.318;1.319;1.307;1.304;1.286
2017-01-01;OECD;3.115;3.103;3.112;3.124;3.144;3.141;3.136;3.137;3.130;3.131;3.134;3.127;3.142;3.135;3.144;3.158;3.180;3.181;3.177;3.174;3.165;3.162;3.165;3.158
2017-02-01;US;1.324;1.322;1.331;1.343;1.344;1.341;1.339;1.341;1.328;1.320;1.295;1.298;1.289;1.296;1.312;1.329;1.333;1.334;1.338;1.339;1.328;1.324;1.305;
2017-02-01;OECD;3.081;3.077;3.087;3.101;3.093;3.087;3.085;3.079;3.075;3.076;3.066;3.075;3.066;3.072;3.090;3.116;3.118;3.120;3.121;3.117;3.113;3.115;3.107;
2017-03-01;US;1.342;1.349;1.359;1.358;1.353;1.350;1.351;1.337;1.328;1.302;1.302;1.293;1.300;1.316;1.332;1.337;1.338;1.342;1.343;1.332;1.327;1.308;;
2017-03-01;OECD;3.069;3.082;3.101;3.096;3.091;3.090;3.086;3.082;3.083;3.067;3.074;3.061;3.067;3.086;3.112;3.117;3.118;3.119;3.116;3.111;3.113;3.099;;
2017-04-01;US;1.346;1.360;1.362;1.363;1.363;1.362;1.349;1.342;1.317;1.318;1.310;1.319;1.335;1.352;1.358;1.360;1.363;1.365;1.353;1.347;1.328;;;
2017-04-01;OECD;2.985;3.005;3.003;3.000;2.999;2.995;2.991;2.992;2.979;2.994;2.986;2.995;3.018;3.048;3.055;3.057;3.059;3.058;3.054;3.055;3.043;;;
2017-05-01;US;1.353;1.356;1.356;1.356;1.356;1.343;1.336;1.313;1.315;1.307;1.316;1.333;1.351;1.356;1.358;1.362;1.363;1.352;1.346;1.327;;;;
2017-05-01;OECD;3.044;3.044;3.045;3.047;3.043;3.043;3.045;3.033;3.047;3.039;3.051;3.075;3.106;3.113;3.117;3.120;3.119;3.117;3.119;3.109;;;;
2017-06-01;US;1.340;1.341;1.343;1.344;1.333;1.327;1.304;1.311;1.303;1.312;1.329;1.348;1.354;1.356;1.359;1.361;1.350;1.344;1.324;;;;;
2017-06-01;OECD;3.020;3.021;3.019;3.011;3.005;3.005;2.989;3.001;2.991;2.998;3.018;3.046;3.048;3.050;3.049;3.044;3.037;3.035;3.020;;;;;
2017-07-01;US;1.346;1.348;1.350;1.339;1.333;1.311;1.318;1.311;1.319;1.336;1.355;1.362;1.364;1.366;1.369;1.357;1.351;1.332;;;;;;
2017-07-01;OECD;3.008;3.010;3.003;2.999;3.001;2.987;3.000;2.991;2.998;3.020;3.049;3.051;3.053;3.054;3.051;3.046;3.047;3.033;;;;;;
2017-08-01;US;1.322;1.327;1.319;1.314;1.292;1.300;1.293;1.303;1.320;1.340;1.347;1.349;1.351;1.354;1.343;1.337;1.316;;;;;;;
2017-08-01;OECD;3.034;3.030;3.032;3.033;3.013;3.033;3.026;3.031;3.050;3.080;3.085;3.089;3.091;3.086;3.085;3.083;3.060;;;;;;;
2017-09-01;US;1.327;1.319;1.320;1.300;1.309;1.306;1.316;1.335;1.354;1.362;1.363;1.365;1.368;1.357;1.352;1.333;;;;;;;;
2017-09-01;OECD;2.992;2.995;3.005;2.995;3.013;3.001;3.011;3.035;3.066;3.067;3.071;3.069;3.071;3.071;3.078;3.066;;;;;;;;
2017-10-01;US;1.298;1.302;1.286;1.299;1.297;1.308;1.329;1.349;1.349;1.354;1.359;1.373;1.361;1.357;1.335;;;;;;;;;
2017-10-01;OECD;2.967;2.977;2.964;2.981;2.967;2.975;2.996;3.024;3.020;3.025;3.024;3.032;3.032;3.039;3.024;;;;;;;;;
2017-11-01;US;1.272;1.260;1.277;1.278;1.291;1.314;1.336;1.337;1.343;1.349;1.363;1.352;1.347;1.326;;;;;;;;;;
2017-11-01;OECD;2.979;2.969;2.991;2.981;2.992;3.017;3.048;3.045;3.052;3.052;3.061;3.062;3.069;3.054;;;;;;;;;;
2017-12-01;US;1.236;1.249;1.250;1.260;1.280;1.304;1.314;1.316;1.317;1.323;1.313;1.308;1.284;;;;;;;;;;;
2017-12-01;OECD;2.942;2.957;2.941;2.945;2.966;2.993;2.996;2.998;2.993;2.995;2.995;3.001;2.985;;;;;;;;;;;
2018-01-01;US;1.238;1.239;1.251;1.268;1.287;1.294;1.297;1.298;1.304;1.293;1.289;1.267;1.281;1.282;1.294;1.317;1.336;1.344;1.347;1.351;1.355;1.349;1.346;1.325
2018-01-01;OECD;2.919;2.903;2.907;2.931;2.960;2.965;2.973;2.974;2.978;2.976;2.981;2.964;2.987;2.974;2.983;3.012;3.040;3.044;3.052;3.057;3.061;3.060;3.066;3.049
2018-02-01;US;1.217;1.231;1.249;1.269;1.277;1.281;1.283;1.289;1.279;1.276;1.255;1.269;1.269;1.281;1.304;1.323;1.331;1.334;1.339;1.342;1.336;1.333;1.313;
2018-02-01;OECD;2.851;2.855;2.875;2.901;2.903;2.911;2.914;2.920;2.921;2.928;2.915;2.940;2.928;2.937;2.965;2.992;2.995;3.002;3.005;3.007;3.004;3.005;2.986;
2018-03-01;US;1.218;1.236;1.256;1.266;1.272;1.277;1.284;1.273;1.271;1.251;1.266;1.266;1.278;1.300;1.318;1.327;1.331;1.336;1.340;1.331;1.329;1.309;;
2018-03-01;OECD;2.831;2.853;2.880;2.886;2.899;2.903;2.916;2.924;2.937;2.925;2.953;2.939;2.947;2.976;3.001;3.004;3.013;3.014;3.019;3.022;3.029;3.009;;
2018-04-01;US;1.211;1.233;1.244;1.252;1.260;1.268;1.259;1.257;1.237;1.246;1.246;1.254;1.266;1.283;1.287;1.292;1.297;1.301;1.293;1.291;1.270;;;
2018-04-01;OECD;2.804;2.831;2.835;2.846;2.848;2.861;2.867;2.877;2.864;2.884;2.869;2.875;2.894;2.917;2.913;2.919;2.917;2.920;2.919;2.921;2.898;;;
2018-05-01;US;1.215;1.227;1.235;1.245;1.255;1.246;1.240;1.221;1.231;1.235;1.250;1.269;1.293;1.301;1.309;1.318;1.326;1.320;1.320;1.300;;;;
2018-05-01;OECD;2.845;2.850;2.862;2.867;2.880;2.885;2.894;2.881;2.903;2.894;2.910;2.940;2.974;2.979;2.995;3.002;3.014;3.021;3.032;3.015;;;;
2018-06-01;US;1.223;1.231;1.240;1.249;1.241;1.235;1.215;1.225;1.230;1.245;1.264;1.287;1.296;1.304;1.313;1.321;1.315;1.315;1.295;;;;;
2018-06-01;OECD;2.842;2.850;2.851;2.863;2.866;2.871;2.853;2.870;2.856;2.865;2.893;2.922;2.924;2.934;2.937;2.945;2.948;2.956;2.936;;;;;
2018-07-01;US;1.222;1.232;1.242;1.234;1.228;1.209;1.223;1.228;1.244;1.264;1.288;1.297;1.305;1.314;1.321;1.316;1.315;1.296;;;;;;
2018-07-01;OECD;2.840;2.841;2.850;2.852;2.858;2.842;2.867;2.857;2.870;2.900;2.936;2.942;2.956;2.964;2.976;2.983;2.995;2.981;;;;;;
2018-08-01;US;1.221;1.234;1.228;1.225;1.212;1.224;1.228;1.243;1.262;1.288;1.298;1.306;1.315;1.323;1.317;1.317;1.300;;;;;;;
2018-08-01;OECD;2.814;2.824;2.824;2.827;2.811;2.832;2.820;2.829;2.855;2.889;2.892;2.902;2.906;2.914;2.917;2.926;2.909;;;;;;;
2018-09-01;US;1.235;1.227;1.224;1.210;1.223;1.227;1.242;1.261;1.288;1.297;1.306;1.315;1.323;1.318;1.318;1.300;;;;;;;;
2018-09-01;OECD;2.816;2.818;2.816;2.789;2.814;2.804;2.814;2.839;2.866;2.868;2.873;2.877;2.878;2.883;2.887;2.861;;;;;;;;
2018-10-01;US;1.236;1.230;1.216;1.226;1.231;1.246;1.265;1.292;1.301;1.310;1.319;1.327;1.324;1.325;1.308;;;;;;;;;
2018-10-01;OECD;2.836;2.838;2.817;2.845;2.837;2.849;2.873;2.903;2.908;2.911;2.918;2.920;2.930;2.939;2.916;;;;;;;;;
2018-11-01;US;1.237;1.221;1.230;1.235;1.249;1.269;1.295;1.304;1.311;1.319;1.328;1.323;1.324;1.308;;;;;;;;;;
2018-11-01;OECD;2.883;2.867;2.898;2.895;2.911;2.939;2.974;2.984;2.991;3.000;3.006;3.019;3.027;3.005;;;;;;;;;;
2018-12-01;US;1.230;1.241;1.244;1.257;1.276;1.301;1.310;1.317;1.327;1.335;1.332;1.333;1.315;;;;;;;;;;;
2018-12-01;OECD;2.894;2.922;2.913;2.923;2.947;2.978;2.985;2.989;2.996;2.999;3.007;3.010;2.981;;;;;;;;;;;
2019-01-01;US;1.258;1.257;1.268;1.284;1.308;1.316;1.323;1.330;1.337;1.334;1.332;1.312;1.315;1.312;1.321;1.334;1.354;1.359;;;;;;
2019-01-01;OECD;2.900;2.888;2.893;2.912;2.940;2.945;2.950;2.957;2.962;2.972;2.976;2.951;2.970;2.958;2.965;2.984;3.014;3.018;;;;;;
2019-02-01;US;1.255;1.267;1.284;1.308;1.316;1.323;1.331;1.339;1.336;1.334;1.315;1.317;1.316;1.327;1.340;1.361;1.365;1.369;1.363;1.368;1.372;1.365;1.363;1.341
2019-02-01;OECD;2.862;2.870;2.891;2.921;2.929;2.936;2.946;2.954;2.968;2.977;2.957;2.980;2.971;2.982;3.004;3.035;3.043;3.049;3.023;3.032;3.033;3.043;3.050;3.025
2019-03-01;US;1.261;1.281;1.307;1.317;1.325;1.334;1.342;1.340;1.339;1.321;1.324;1.324;1.334;1.347;1.368;1.373;1.377;1.383;1.375;1.379;1.374;1.373;1.352;
2019-03-01;OECD;2.844;2.864;2.893;2.900;2.907;2.915;2.922;2.935;2.941;2.918;2.937;2.926;2.933;2.953;2.982;2.988;2.993;3.001;3.059;3.062;3.075;3.084;3.062;
2019-04-01;US;1.258;1.288;1.301;1.310;1.320;1.330;1.328;1.329;1.312;1.312;1.309;1.316;1.328;1.349;1.354;1.357;1.363;1.367;1.387;1.382;1.382;1.361;;
2019-04-01;OECD;2.852;2.884;2.893;2.902;2.911;2.918;2.931;2.939;2.915;2.933;2.921;2.925;2.944;2.973;2.979;2.983;2.990;2.992;3.003;3.014;3.022;3.000;;
2019-05-01;US;1.289;1.299;1.305;1.312;1.320;1.318;1.319;1.301;1.300;1.296;1.300;1.312;1.331;1.336;1.338;1.344;1.347;1.343;1.362;1.363;1.342;;;
2019-05-01;OECD;2.875;2.870;2.873;2.875;2.878;2.888;2.894;2.870;2.884;2.868;2.870;2.886;2.912;2.917;2.918;2.924;2.925;2.932;3.003;3.009;2.985;;;
2019-06-01;US;1.310;1.313;1.318;1.325;1.322;1.322;1.304;1.302;1.298;1.303;1.314;1.333;1.340;1.342;1.347;1.351;1.346;1.345;1.342;1.322;;;;
2019-06-01;OECD;2.892;2.885;2.883;2.884;2.892;2.897;2.871;2.886;2.869;2.870;2.887;2.916;2.922;2.925;2.932;2.936;2.944;2.948;2.934;2.905;;;;
2019-07-01;US;1.301;1.308;1.315;1.310;1.311;1.293;1.292;1.288;1.293;1.306;1.325;1.332;1.333;1.339;1.342;1.338;1.337;1.316;1.324;;;;;
2019-07-01;OECD;2.897;2.901;2.907;2.916;2.923;2.899;2.915;2.899;2.897;2.911;2.938;2.943;2.943;2.949;2.952;2.959;2.961;2.934;2.920;;;;;
2019-08-01;US;1.302;1.310;1.306;1.309;1.292;1.292;1.290;1.296;1.309;1.329;1.336;1.339;1.345;1.348;1.344;1.343;1.322;;;;;;;
2019-08-01;OECD;2.893;2.903;2.916;2.925;2.901;2.918;2.904;2.905;2.922;2.951;2.958;2.961;2.968;2.973;2.981;2.986;2.959;;;;;;;
2019-09-01;US;1.310;1.305;1.308;1.291;1.291;1.288;1.294;1.307;1.328;1.336;1.338;1.347;1.351;1.347;1.347;1.326;;;;;;;;
2019-09-01;OECD;2.905;2.918;2.931;2.911;2.929;2.916;2.919;2.937;2.968;2.976;2.979;2.989;2.994;3.002;3.006;2.978;;;;;;;;
2019-10-01;US;1.303;1.304;1.286;1.283;1.278;1.284;1.297;1.318;1.325;1.327;1.335;1.339;1.336;1.335;1.315;;;;;;;;;
2019-10-01;OECD;2.891;2.900;2.878;2.893;2.878;2.880;2.899;2.929;2.937;2.941;2.950;2.954;2.962;2.965;2.937;;;;;;;;;
2019-11-01;US;1.289;1.272;1.270;1.266;1.272;1.286;1.307;1.314;1.317;1.325;1.329;1.326;1.326;1.304;;;;;;;;;;
2019-11-01;OECD;2.920;2.900;2.916;2.903;2.907;2.927;2.959;2.967;2.972;2.983;2.987;2.992;2.992;2.959;;;;;;;;;;
2019-12-01;US;1.252;1.252;1.248;1.253;1.267;1.288;1.297;1.297;1.299;1.305;1.304;1.304;1.283;;;;;;;;;;;
2019-12-01;OECD;2.932;2.948;2.933;2.934;2.953;2.982;2.989;2.989;2.993;2.997;3.003;3.003;2.971;;;;;;;;;;;
2020-01-01;US;1.265;1.253;1.258;1.271;1.288;1.297;1.302;1.305;1.312;1.306;1.308;1.283;1.284;1.286;1.290;1.301;1.321;1.326;1.328;1.330;1.337;1.331;1.327;1.297
2020-01-01;OECD;2.924;2.904;2.905;2.923;2.951;2.959;2.965;2.971;2.976;2.981;2.981;2.951;2.962;2.947;2.946;2.960;2.982;2.981;2.977;2.976;2.979;2.983;2.980;2.945
2020-02-01;US;1.271;1.273;1.285;1.300;1.308;1.313;1.315;1.321;1.316;1.317;1.293;1.293;1.296;1.301;1.311;1.331;1.335;1.337;1.339;1.346;1.340;1.336;1.306;
2020-02-01;OECD;2.900;2.899;2.915;2.941;2.948;2.952;2.956;2.960;2.965;2.965;2.933;2.942;2.927;2.924;2.936;2.956;2.954;2.949;2.946;2.948;2.951;2.950;2.918;
2020-03-01;US;1.280;1.303;1.330;1.347;1.352;1.355;1.356;1.346;1.343;1.313;1.303;1.305;1.307;1.319;1.339;1.341;1.340;1.344;1.350;1.345;1.339;1.310;;
2020-03-01;OECD;2.934;2.971;3.015;3.035;3.045;3.055;3.060;3.064;3.064;3.031;3.036;3.020;3.013;3.023;3.042;3.034;3.026;3.022;3.020;3.022;3.016;2.983;;
2020-04-01;US;1.331;1.363;1.385;1.384;1.379;1.372;1.356;1.347;1.311;1.301;1.301;1.303;1.317;1.337;1.337;1.336;1.339;1.344;1.340;1.334;1.303;;;
2020-04-01;OECD;3.230;3.366;3.435;3.457;3.451;3.432;3.419;3.400;3.351;3.349;3.320;3.299;3.300;3.307;3.287;3.265;3.247;3.231;3.218;3.195;3.144;;;
2020-05-01;US;1.435;1.458;1.455;1.451;1.446;1.432;1.425;1.393;1.382;1.380;1.376;1.385;1.406;1.405;1.403;1.401;1.408;1.403;1.397;1.372;;;;
2020-05-01;OECD;3.474;3.502;3.497;3.465;3.404;3.354;3.307;3.235;3.228;3.195;3.168;3.162;3.168;3.146;3.121;3.097;3.083;3.072;3.052;3.007;;;;
2020-06-01;US;1.465;1.461;1.457;1.451;1.438;1.431;1.400;1.391;1.389;1.386;1.396;1.417;1.418;1.415;1.413;1.420;1.415;1.409;1.384;;;;;
2020-06-01;OECD;3.351;3.329;3.299;3.254;3.221;3.191;3.133;3.125;3.089;3.060;3.053;3.056;3.031;3.002;2.973;2.953;2.936;2.911;2.860;;;;;
2020-07-01;US;1.426;1.407;1.398;1.384;1.373;1.345;1.335;1.331;1.329;1.335;1.356;1.357;1.353;1.354;1.360;1.359;1.354;1.329;;;;;;
2020-07-01;OECD;3.227;3.196;3.146;3.107;3.073;3.022;3.016;2.986;2.962;2.963;2.976;2.963;2.948;2.937;2.932;2.933;2.922;2.885;;;;;;
2020-08-01;US;1.424;1.413;1.397;1.386;1.358;1.347;1.342;1.340;1.346;1.366;1.366;1.362;1.362;1.368;1.367;1.362;1.337;;;;;;;
2020-08-01;OECD;3.063;3.005;2.955;2.915;2.859;2.849;2.817;2.797;2.801;2.817;2.810;2.799;2.793;2.791;2.796;2.789;2.757;;;;;;;
2020-09-01;US;1.407;1.393;1.378;1.349;1.338;1.329;1.325;1.334;1.353;1.351;1.346;1.347;1.355;1.353;1.346;1.319;;;;;;;;
2020-09-01;OECD;3.070;3.027;2.990;2.939;2.939;2.911;2.898;2.911;2.932;2.927;2.920;2.918;2.921;2.928;2.923;2.895;;;;;;;;
2020-10-01;US;1.402;1.390;1.361;1.351;1.342;1.339;1.347;1.367;1.363;1.358;1.360;1.366;1.363;1.356;1.330;;;;;;;;;
2020-10-01;OECD;3.049;3.018;2.967;2.972;2.948;2.935;2.944;2.962;2.955;2.947;2.947;2.949;2.953;2.949;2.921;;;;;;;;;
2020-11-01;US;1.363;1.336;1.327;1.319;1.317;1.327;1.348;1.346;1.343;1.345;1.353;1.350;1.342;1.315;;;;;;;;;;
2020-11-01;OECD;3.035;2.982;2.988;2.964;2.949;2.954;2.971;2.965;2.960;2.960;2.962;2.967;2.958;2.927;;;;;;;;;;
2020-12-01;US;1.322;1.313;1.306;1.304;1.313;1.334;1.332;1.328;1.331;1.339;1.336;1.328;1.301;;;;;;;;;;;
2020-12-01;OECD;3.006;3.000;2.966;2.943;2.946;2.958;2.946;2.941;2.940;2.940;2.946;2.940;2.910;;;;;;;;;;;
2021-01-01;US;1.330;1.315;1.311;1.319;1.340;1.338;1.334;1.334;1.339;1.329;1.322;1.298;1.309;1.302;1.301;1.319;1.340;1.349;1.351;1.348;1.351;1.344;1.341;1.319
2021-01-01;OECD;3.047;3.000;2.964;2.968;2.983;2.974;2.974;2.979;2.982;2.985;2.980;2.951;2.967;2.944;2.932;2.946;2.964;2.965;2.962;2.958;2.953;2.954;2.949;2.919
2021-02-01;US;1.294;1.279;1.286;1.305;1.305;1.303;1.305;1.312;1.303;1.298;1.275;1.283;1.278;1.278;1.297;1.318;1.329;1.328;1.323;1.326;1.319;1.318;1.297;
2021-02-01;OECD;2.982;2.941;2.949;2.964;2.959;2.962;2.972;2.978;2.985;2.984;2.959;2.976;2.955;2.945;2.960;2.979;2.981;2.975;2.970;2.965;2.968;2.964;2.935;
2021-03-01;US;1.263;1.270;1.290;1.290;1.291;1.295;1.303;1.296;1.293;1.269;1.276;1.270;1.269;1.289;1.311;1.322;1.322;1.317;1.320;1.313;1.313;1.292;;
2021-03-01;OECD;2.926;2.920;2.934;2.930;2.935;2.945;2.953;2.962;2.966;2.942;2.958;2.939;2.930;2.949;2.970;2.975;2.973;2.971;2.969;2.975;2.976;2.949;;
2021-04-01;US;1.299;1.317;1.316;1.315;1.314;1.323;1.314;1.308;1.282;1.290;1.285;1.283;1.303;1.325;1.335;1.336;1.331;1.333;1.326;1.325;1.304;;;
2021-04-01;OECD;2.920;2.923;2.909;2.907;2.908;2.913;2.917;2.910;2.877;2.890;2.871;2.859;2.877;2.897;2.901;2.900;2.896;2.894;2.899;2.899;2.876;;;
2021-05-01;US;1.301;1.300;1.300;1.300;1.309;1.301;1.293;1.269;1.275;1.269;1.267;1.286;1.307;1.319;1.321;1.316;1.319;1.311;1.311;1.290;;;;
2021-05-01;OECD;2.901;2.891;2.890;2.893;2.897;2.899;2.890;2.858;2.872;2.853;2.842;2.859;2.878;2.884;2.885;2.885;2.885;2.891;2.895;2.873;;;;
2021-06-01;US;1.284;1.286;1.287;1.297;1.289;1.281;1.258;1.264;1.259;1.257;1.277;1.298;1.309;1.311;1.306;1.309;1.302;1.301;1.280;;;;;
2021-06-01;OECD;2.895;2.896;2.900;2.907;2.913;2.906;2.877;2.899;2.886;2.883;2.903;2.928;2.939;2.946;2.951;2.956;2.968;2.975;2.957;;;;;
2021-07-01;US;1.288;1.287;1.297;1.288;1.281;1.257;1.264;1.259;1.257;1.278;1.299;1.312;1.315;1.310;1.313;1.305;1.304;1.283;;;;;;
2021-07-01;OECD;2.862;2.859;2.863;2.867;2.861;2.832;2.854;2.842;2.838;2.858;2.882;2.894;2.900;2.904;2.909;2.920;2.927;2.908;;;;;;
2021-08-01;US;1.278;1.287;1.280;1.274;1.250;1.257;1.254;1.253;1.274;1.295;1.309;1.311;1.306;1.309;1.301;1.301;1.279;;;;;;;
2021-08-01;OECD;2.856;2.852;2.852;2.846;2.819;2.844;2.835;2.835;2.854;2.877;2.889;2.895;2.899;2.904;2.915;2.924;2.908;;;;;;;
2021-09-01;US;1.241;1.237;1.234;1.211;1.221;1.219;1.221;1.245;1.269;1.284;1.290;1.287;1.291;1.284;1.285;1.265;;;;;;;;
2021-09-01;OECD;2.818;2.826;2.825;2.800;2.823;2.813;2.812;2.832;2.856;2.869;2.875;2.880;2.885;2.895;2.905;2.890;;;;;;;;
2021-10-01;US;1.223;1.220;1.198;1.208;1.207;1.210;1.234;1.258;1.275;1.281;1.279;1.283;1.276;1.277;1.257;;;;;;;;;
2021-10-01;OECD;2.789;2.782;2.749;2.768;2.755;2.754;2.776;2.800;2.812;2.818;2.823;2.827;2.840;2.849;2.834;;;;;;;;;
2021-11-01;US;1.236;1.214;1.224;1.223;1.225;1.249;1.272;1.288;1.293;1.291;1.294;1.287;1.287;1.267;;;;;;;;;;
2021-11-01;OECD;2.780;2.751;2.771;2.760;2.760;2.783;2.809;2.822;2.830;2.836;2.841;2.855;2.864;2.851;;;;;;;;;;
2021-12-01;US;1.208;1.220;1.220;1.224;1.249;1.273;1.289;1.295;1.293;1.297;1.290;1.290;1.269;;;;;;;;;;;
2021-12-01;OECD;2.745;2.770;2.765;2.772;2.798;2.826;2.841;2.849;2.854;2.858;2.867;2.874;2.857;;;;;;;;;;;
2022-01-01;US;1.209;1.209;1.214;1.240;1.264;1.281;1.288;1.286;1.291;1.285;1.285;1.265;1.270;1.264;1.265;1.282;1.305;1.321;1.331;1.336;1.340;1.330;1.322;1.296
2022-01-01;OECD;2.711;2.704;2.710;2.735;2.760;2.773;2.783;2.792;2.802;2.813;2.821;2.809;2.829;2.819;2.821;2.840;2.865;2.876;2.889;2.899;2.907;2.918;2.923;2.903
2022-02-01;US;1.183;1.190;1.217;1.243;1.261;1.269;1.268;1.275;1.269;1.270;1.250;1.256;1.249;1.251;1.268;1.291;1.307;1.318;1.323;1.327;1.318;1.310;1.284;
2022-02-01;OECD;2.675;2.688;2.719;2.752;2.769;2.784;2.798;2.812;2.828;2.841;2.828;2.850;2.840;2.845;2.871;2.904;2.921;2.939;2.955;2.967;2.985;2.992;2.972;
2022-03-01;US;1.167;1.199;1.228;1.249;1.259;1.259;1.267;1.263;1.265;1.246;1.253;1.247;1.247;1.264;1.287;1.304;1.315;1.321;1.326;1.317;1.310;1.284;;
2022-03-01;OECD;2.656;2.694;2.731;2.745;2.756;2.766;2.776;2.789;2.798;2.781;2.798;2.781;2.782;2.803;2.830;2.841;2.854;2.865;2.871;2.883;2.887;2.863;;
2022-04-01;US;1.187;1.219;1.242;1.254;1.256;1.265;1.262;1.265;1.247;1.255;1.249;1.249;1.266;1.289;1.306;1.317;1.323;1.328;1.319;1.312;1.287;;;
2022-04-01;OECD;2.652;2.691;2.710;2.734;2.755;2.775;2.798;2.809;2.794;2.812;2.797;2.798;2.819;2.846;2.858;2.872;2.884;2.892;2.904;2.909;2.885;;;
2022-05-01;US;1.177;1.194;1.213;1.213;1.216;1.217;1.217;1.190;1.200;1.209;1.204;1.217;1.234;1.241;1.251;1.248;1.250;1.249;1.244;1.221;;;;
2022-05-01;OECD;2.677;2.694;2.718;2.733;2.746;2.766;2.769;2.744;2.758;2.748;2.740;2.756;2.774;2.776;2.784;2.786;2.787;2.800;2.803;2.778;;;;
2022-06-01;US;1.160;1.177;1.177;1.191;1.189;1.190;1.165;1.177;1.176;1.173;1.196;1.217;1.216;1.223;1.221;1.227;1.227;1.225;1.206;;;;;
2022-06-01;OECD;2.660;2.685;2.706;2.731;2.755;2.766;2.746;2.769;2.760;2.759;2.787;2.816;2.818;2.833;2.842;2.854;2.876;2.888;2.872;;;;;
2022-07-01;US;1.203;1.211;1.231;1.234;1.237;1.217;1.230;1.229;1.225;1.249;1.270;1.269;1.276;1.274;1.280;1.281;1.279;1.253;;;;;;
2022-07-01;OECD;2.715;2.749;2.787;2.819;2.832;2.815;2.832;2.816;2.804;2.824;2.844;2.838;2.845;2.847;2.850;2.865;2.870;2.845;;;;;;
2022-08-01;US;1.224;1.240;1.238;1.242;1.218;1.228;1.225;1.223;1.247;1.270;1.271;1.278;1.278;1.283;1.284;1.282;1.257;;;;;;;
2022-08-01;OECD;2.764;2.798;2.823;2.833;2.810;2.823;2.806;2.795;2.814;2.834;2.829;2.836;2.837;2.839;2.852;2.854;2.826;;;;;;;
2022-09-01;US;1.222;1.221;1.227;1.204;1.212;1.208;1.207;1.234;1.259;1.262;1.269;1.263;1.265;1.262;1.263;1.239;;;;;;;;
2022-09-01;OECD;2.787;2.814;2.828;2.808;2.819;2.797;2.782;2.803;2.827;2.826;2.830;2.829;2.828;2.838;2.843;2.815;;;;;;;;
2022-10-01;US;1.216;1.211;1.196;1.216;1.198;1.198;1.216;1.245;1.246;1.251;1.256;1.257;1.245;1.238;1.222;;;;;;;;;
2022-10-01;OECD;2.767;2.770;2.744;2.762;2.726;2.712;2.727;2.753;2.752;2.758;2.765;2.765;2.767;2.764;2.738;;;;;;;;;
2022-11-01;US;1.212;1.200;1.219;1.202;1.200;1.219;1.247;1.249;1.254;1.258;1.260;1.247;1.240;1.224;;;;;;;;;;
2022-11-01;OECD;2.785;2.760;2.777;2.742;2.726;2.740;2.763;2.761;2.768;2.775;2.774;2.776;2.775;2.751;;;;;;;;;;
2022-12-01;US;1.184;1.204;1.189;1.188;1.207;1.235;1.236;1.243;1.248;1.251;1.239;1.233;1.219;;;;;;;;;;;
2022-12-01;OECD;2.753;2.777;2.751;2.744;2.759;2.782;2.782;2.796;2.809;2.814;2.825;2.831;2.816;;;;;;;;;;;
2023-01-01;US;1.218;1.203;1.202;1.222;1.252;1.253;1.259;1.264;1.266;1.255;1.251;1.236;1.250;1.237;1.237;1.253;1.279;1.279;1.281;1.284;1.289;1.274;1.271;1.255
2023-01-01;OECD;2.820;2.800;2.800;2.818;2.846;2.848;2.863;2.875;2.880;2.894;2.905;2.892;2.912;2.888;2.887;2.904;2.933;2.932;2.941;2.951;2.957;2.968;2.981;2.969
2023-02-01;US;1.227;1.228;1.252;1.283;1.286;1.292;1.295;1.297;1.284;1.278;1.264;1.278;1.265;1.268;1.285;1.312;1.312;1.313;1.314;1.316;1.300;1.295;1.277;
2023-02-01;OECD;2.820;2.825;2.852;2.884;2.888;2.902;2.908;2.911;2.914;2.916;2.897;2.922;2.902;2.907;2.931;2.961;2.956;2.959;2.961;2.960;2.960;2.962;2.938;
2023-03-01;US;1.254,60;1.279,70;1.308,40;1.309,70;1.314,30;1.317,40;1.320,10;1.306,90;1.301,90;1.287,50;1.299,90;1.286,10;1.290,50;1.307,90;1.332,70;1.332,90;1.332,20;1.334,60;1.333,70;1.318,30;1.313,80;1.296,10;;
2023-03-01;OECD;372,5;360,5;354,5;347,5;348,5;348,5;348,5;348,5;348,5;348,5;350,5;352,6;354,6;356,6;358,6;360,6;362,6;364,6;366,6;368,6;370,6;372,6;;
2023-04-01;US;1.234;1.260;1.264;1.274;1.281;1.287;1.276;1.273;1.255;1.271;1.257;1.260;1.275;1.299;1.300;1.300;1.303;1.302;1.288;1.285;1.268;;;
2023-04-01;OECD;2.822;2.849;2.849;2.859;2.867;2.869;2.874;2.875;2.850;2.879;2.857;2.862;2.881;2.908;2.909;2.915;2.925;2.926;2.934;2.940;2.920;;;
2023-05-01;US;1.254;1.258;1.271;1.277;1.276;1.267;1.265;1.251;1.266;1.249;1.252;1.265;1.286;1.286;1.287;1.290;1.288;1.272;1.268;1.253;;;;
2023-05-01;OECD;2.841;2.841;2.853;2.859;2.853;2.858;2.860;2.838;2.863;2.837;2.839;2.853;2.873;2.870;2.877;2.885;2.883;2.888;2.894;2.874;;;;
2023-06-01;US;1.252;1.264;1.272;1.272;1.264;1.262;1.247;1.262;1.245;1.245;1.259;1.278;1.277;1.276;1.278;1.276;1.259;1.255;1.239;;;;;
2023-06-01;OECD;2.845;2.852;2.860;2.854;2.859;2.860;2.836;2.859;2.832;2.829;2.840;2.857;2.850;2.851;2.854;2.848;2.849;2.851;2.828;;;;;
2023-07-01;US;1.272;1.278;1.280;1.269;1.261;1.245;1.255;1.241;1.244;1.256;1.276;1.273;1.270;1.271;1.271;1.258;1.254;1.236;;;;;;
2023-07-01;OECD;2.837;2.832;2.822;2.820;2.814;2.786;2.804;2.776;2.774;2.782;2.796;2.786;2.781;2.781;2.774;2.777;2.778;2.754;;;;;;
2023-08-01;US;1.272;1.270;1.259;1.253;1.240;1.250;1.238;1.242;1.254;1.276;1.276;1.276;1.276;1.276;1.262;1.259;1.241;;;;;;;
2023-08-01;OECD;2.820;2.805;2.806;2.803;2.781;2.803;2.779;2.784;2.799;2.823;2.821;2.825;2.827;2.823;2.827;2.830;2.806;;;;;;;
2023-09-01;US;1.256;1.248;1.242;1.230;1.245;1.234;1.238;1.252;1.273;1.273;1.275;1.274;1.273;1.259;1.257;1.241;;;;;;;;
2023-09-01;OECD;2.798;2.801;2.796;2.774;2.803;2.783;2.790;2.810;2.836;2.836;2.844;2.849;2.848;2.856;2.863;2.844;;;;;;;;
2023-10-01;US;1.253;1.247;1.234;1.248;1.236;1.236;1.248;1.268;1.266;1.268;1.267;1.264;1.251;1.246;1.229;;;;;;;;;
2023-10-01;OECD;2.817;2.815;2.792;2.815;2.790;2.787;2.799;2.817;2.810;2.814;2.814;2.807;2.809;2.809;2.784;;;;;;;;;
2023-11-01;US;1.242;1.230;1.247;1.234;1.235;1.243;1.266;1.264;1.264;1.264;1.262;1.249;1.246;1.229;;;;;;;;;;
2023-11-01;OECD;2.829;2.807;2.831;2.806;2.807;2.815;2.836;2.831;2.835;2.839;2.834;2.838;2.841;2.819;;;;;;;;;;
2023-12-01;US;1.246;1.261;1.246;1.247;1.256;1.278;1.276;1.277;1.276;1.276;1.263;1.260;1.241;;;;;;;;;;;
2023-12-01;OECD;2.829;2.846;2.812;2.805;2.812;2.832;2.826;2.829;2.831;2.827;2.831;2.833;2.807;;;;;;;;;;;
2024-01-01;US;1.272;1.259;1.255;1.263;1.283;1.282;1.287;1.285;1.287;1.274;1.270;1.250;1.264;1.253;1.256;1.266;1.287;1.284;1.287;1.287;1.291;1.279;1.281;1.260
2024-01-01;OECD;2.858;2.826;2.815;2.823;2.842;2.836;2.843;2.844;2.843;2.847;2.847;2.820;2.842;2.821;2.823;2.837;2.861;2.856;2.863;2.867;2.870;2.878;2.885;2.858
2024-02-01;US;1.230;1.233;1.243;1.263;1.262;1.271;1.268;1.270;1.257;1.256;1.238;1.251;1.240;1.243;1.258;1.281;1.281;1.287;1.289;1.295;1.288;1.291;1.273;
2024-02-01;OECD;2.742;2.735;2.745;2.763;2.757;2.766;2.767;2.766;2.770;2.773;2.746;2.770;2.751;2.754;2.773;2.799;2.797;2.808;2.814;2.820;2.834;2.845;2.822;
2024-03-01;US;1.225;1.234;1.254;1.253;1.264;1.260;1.263;1.249;1.249;1.228;1.238;1.223;1.223;1.236;1.258;1.256;1.260;1.261;1.265;1.256;1.258;1.238;;
2024-03-01;OECD;2.750;2.750;2.759;2.742;2.750;2.747;2.745;2.747;2.750;2.722;2.742;2.718;2.716;2.733;2.756;2.753;2.762;2.768;2.773;2.784;2.793;2.769;;
2024-04-01;US;1.220;1.242;1.240;1.250;1.248;1.251;1.240;1.240;1.221;1.234;1.218;1.220;1.236;1.259;1.257;1.263;1.265;1.269;1.259;1.262;1.243;;;
2024-04-01;OECD;2.733;2.743;2.725;2.732;2.730;2.729;2.733;2.737;2.712;2.734;2.709;2.709;2.727;2.751;2.747;2.758;2.765;2.770;2.780;2.790;2.766;;;
2024-05-01;US;1.245;1.243;1.250;1.247;1.251;1.241;1.241;1.223;1.238;1.222;1.224;1.241;1.264;1.263;1.267;1.267;1.271;1.262;1.262;1.241;;;;
2024-05-01;OECD;2.760;2.743;2.749;2.748;2.748;2.755;2.760;2.737;2.761;2.735;2.735;2.754;2.780;2.777;2.789;2.795;2.800;2.810;2.818;2.793;;;;
2024-06-01;US;1.236;1.257;1.253;1.260;1.253;1.253;1.243;1.242;1.223;1.234;1.219;1.221;1.240;1.260;1.254;1.261;1.259;1.264;1.256;1.256;1.237;;;
2024-06-01;OECD;2.754;2.769;2.752;2.755;2.744;2.733;2.729;2.727;2.697;2.711;2.680;2.676;2.696;2.717;2.710;2.722;2.726;2.732;2.744;2.752;2.730;;;
2024-07-01;US;1.269;1.261;1.260;1.249;1.247;1.227;1.238;1.223;1.224;1.241;1.260;1.253;1.259;1.257;1.261;1.253;1.252;1.232;;;;;;
2024-07-01;OECD;2.764;2.749;2.734;2.730;2.725;2.693;2.703;2.671;2.664;2.677;2.694;2.683;2.691;2.695;2.697;2.707;2.712;2.688;;;;;;
2024-08-01;US;1.262;1.262;1.255;1.253;1.233;1.247;1.230;1.229;1.247;1.264;1.263;1.267;1.264;1.269;1.264;1.265;1.244;;;;;;;
2024-08-01;OECD;2.742;2.728;2.726;2.718;2.685;2.697;2.662;2.654;2.669;2.683;2.677;2.683;2.685;2.689;2.702;2.708;2.682;;;;;;;
2024-09-01;US;1.270;1.261;1.258;1.235;1.249;1.233;1.232;1.246;1.264;1.261;1.266;1.263;1.267;1.264;1.264;1.242;;;;;;;;
2024-09-01;OECD;2.792;2.778;2.765;2.729;2.741;2.707;2.699;2.712;2.728;2.720;2.729;2.734;2.738;2.750;2.760;2.733;;;;;;;;
2024-10-01;US;1.278;1.269;1.251;1.266;1.252;1.246;1.261;1.277;1.276;1.282;1.275;1.278;1.274;1.271;1.251;;;;;;;;;
2024-10-01;OECD;2.811;2.799;2.770;2.787;2.759;2.749;2.764;2.779;2.775;2.785;2.787;2.791;2.804;2.811;2.789;;;;;;;;;
2024-11-01;US;1.260;1.243;1.259;1.248;1.243;1.257;1.274;1.275;1.278;1.271;1.273;1.268;1.265;1.247;;;;;;;;;;
2024-11-01;OECD;2.795;2.768;2.787;2.764;2.758;2.774;2.791;2.789;2.796;2.799;2.800;2.813;2.821;2.801;;;;;;;;;;
2024-12-01;US;1.224;1.241;1.231;1.227;1.242;1.261;1.261;1.264;1.258;1.261;1.256;1.253;1.235;;;;;;;;;;;
2024-12-01;OECD;2.763;2.779;2.752;2.742;2.756;2.770;2.764;2.766;2.765;2.765;2.774;2.779;2.758;;;;;;;;;;;
2025-01-01;US;1.253;1.243;1.238;1.253;1.270;1.269;1.272;1.265;1.267;1.263;1.260;1.241;1.259;1.247;1.245;1.259;1.283;1.280;1.282;1.280;1.279;1.269;1.268;1.257
2025-01-01;OECD;1.253;1.243;1.238;1.253;1.270;1.269;1.272;1.265;1.267;1.263;1.260;1.241;1.259;1.247;1.245;1.259;1.283;1.280;1.282;1.280;1.279;1.269;1.268;1.257
2025-02-01;US;1.224;1.218;1.235;1.254;1.255;1.257;1.251;1.253;1.246;1.243;1.222;1.239;1.224;1.220;1.232;1.253;1.250;1.249;1.244;1.242;1.231;1.230;1.216;
2025-02-01;OECD;2.719;2.710;2.728;2.746;2.747;2.754;2.759;2.765;2.779;2.791;2.773;2.807;2.790;2.796;2.819;2.847;2.847;2.854;2.861;2.864;2.876;2.891;2.876;
2025-03-01;US;1.220;1.236;1.253;1.255;1.257;1.248;1.251;1.247;1.242;1.225;1.240;1.223;1.217;1.228;1.246;1.243;1.242;1.236;1.230;1.223;1.220;1.207;;
2025-03-01;OECD;2.706;2.718;2.730;2.726;2.727;2.724;2.724;2.735;2.743;2.724;2.750;2.728;2.727;2.745;2.767;2.763;2.765;2.766;2.762;2.773;2.782;2.764;;
2025-04-01;US;1.235;1.257;1.266;1.279;1.272;1.275;1.277;1.270;1.249;1.262;1.244;1.237;1.252;1.272;1.269;1.273;1.267;1.265;1.257;1.252;1.236;;;
2025-04-01;OECD;2.741;2.764;2.769;2.783;2.787;2.791;2.808;2.814;2.792;2.818;2.797;2.797;2.820;2.845;2.842;2.850;2.853;2.854;2.865;2.872;2.854;;;
2025-05-01;US;1.231;1.239;1.251;1.246;1.252;1.254;1.248;1.229;1.240;1.226;1.221;1.235;1.255;1.254;1.259;1.254;1.252;1.244;1.239;1.224;;;;
2025-05-01;OECD;2.752;2.753;2.764;2.766;2.771;2.786;2.793;2.773;2.797;2.780;2.783;2.807;2.832;2.832;2.842;2.848;2.849;2.863;2.873;2.857;;;;
2025-06-01;US;1.232;1.237;1.229;1.234;1.234;1.230;1.211;1.224;1.210;1.206;1.220;1.239;1.236;1.239;1.232;1.228;1.220;1.215;1.201;;;;;
2025-06-01;OECD;2.807;2.812;2.811;2.816;2.827;2.832;2.814;2.842;2.834;2.843;2.863;2.882;2.876;2.878;2.875;2.872;2.879;2.883;2.866;;;;;
2025-07-01;US;1.231;1.223;1.227;1.229;1.226;1.204;1.213;1.194;1.191;1.204;1.223;1.221;1.224;1.217;1.214;1.205;1.201;1.185;;;;;;
2025-07-01;OECD;2.803;2.807;2.815;2.832;2.842;2.826;2.855;2.848;2.863;2.887;2.912;2.913;2.921;2.924;2.927;2.940;2.948;2.934;;;;;;
2025-08-01;US;1.254;1.257;1.261;1.259;1.248;1.262;1.249;1.250;1.262;1.281;1.282;1.287;1.285;1.282;1.273;1.272;1.261;;;;;;;
2025-08-01;OECD;2.814;2.833;2.862;2.881;2.882;2.923;2.924;2.943;2.968;2.998;3.006;3.018;3.025;3.029;3.043;3.056;3.047;;;;;;;
2025-09-01;US;1.278;1.280;1.276;1.265;1.278;1.265;1.265;1.277;1.294;1.295;1.299;1.298;1.295;1.288;1.286;1.274;;;;;;;;
2025-09-01;OECD;2.861;2.891;2.909;2.911;2.953;2.955;2.975;3.000;3.028;3.037;3.049;3.058;3.062;3.078;3.092;3.084;;;;;;;;
2025-10-01;US;1.290;1.282;1.270;1.283;1.268;1.269;1.279;1.297;1.296;1.304;1.301;1.301;1.294;1.292;1.280;;;;;;;;;
2025-10-01;OECD;2.912;2.930;2.934;2.980;2.982;3.005;3.031;3.062;3.074;3.095;3.109;3.121;3.144;3.165;3.163;;;;;;;;;
2025-11-01;US;1.263;1.253;1.271;1.265;1.268;1.282;1.301;1.302;1.309;1.308;1.308;1.299;1.296;1.283;;;;;;;;;;
2025-11-01;OECD;2.923;2.927;2.975;2.983;3.008;3.037;3.071;3.084;3.104;3.122;3.136;3.161;3.181;3.181;;;;;;;;;;
2025-12-01;US;1.265;1.284;1.279;1.288;1.303;1.324;1.327;1.336;1.334;1.336;1.328;1.326;1.312;;;;;;;;;;;
2025-12-01;OECD;2.919;2.958;2.958;2.979;3.000;3.026;3.030;3.043;3.050;3.056;3.072;3.084;3.075;;;;;;;;;;;